,ExponentiatedGradientReduction,GridSearchReduction
Mean Score,0.4234476707268387,0.38813698048692635
Std Score,0.07385239789630255,0.11041026029293377
Mean Time,1.5740647315979004,1.2963730096817017
STUDENT,0.49730006862314124,0.4985472407798601
US_CRIME,0.34959527283053615,0.2777267201939926
