AdversarialDebiasing,PrejudiceRemover,GridSearchReduction
-0.1339541328445492,-0.2540222862296703,-0.27510292106717876
0.0,0.0,0.0
16.83425498008728,1.479609489440918,3.2700960636138916
-0.1339541328445492,-0.2540222862296703,-0.27510292106717876
