MEAN,STD,compass,adult,german_credit,clinical_records,bank_marketing,law_school
0.011475588767348674,0.20528924697505332,-0.18746181373832588,0.4530525008485797,-0.04166666666666667,-0.09999999999999998,-0.02676264923806327,-0.028307838601431823
-0.02589727474836564,0.0819273869164243,-0.15687534549474852,0.08893819735399595,0.03571428571428571,-0.09999999999999998,-0.0007869872724790075,-0.022373798791248012
-0.0404208923225069,0.10141244404407337,-0.19353852084606205,0.09455363253038372,0.04265873015873016,-0.15,-0.00980841472191337,-0.02639078105617987
