CorrelationRemover,DisparateImpactRemover
-0.12990777338603432,-0.44532279314888007
0.0,0.0
0.24374866485595703,0.5135679244995117
-0.12990777338603432,-0.44532279314888007
