,CorrelationRemover,DisparateImpactRemover
Mean Score,0.46956339736659103,0.39450820361920186
Std Score,0.029995097366351198,0.10207544547286745
Mean Time,0.2469806671142578,0.206978440284729
student,0.4995584947329422,0.4965836490920693
us_crime,0.43956830000023983,0.2924327581463344
