,WassersteinBarycenter,PluginEstimationAndCalibration
Mean Score,0.48963617005341925,0.33004992718951576
Std Score,0.008911222436385147,0.14583940087372538
Mean Time,0.15071260929107666,0.6063337326049805
STUDENT,0.4985473924898044,0.18421052631579038
US_CRIME,0.4807249476170341,0.47588932806324113
