,DisparateImpactRemover,CorrelationRemover,Reweighing
Mean Score,0.622327281231792,0.6066938668839434,0.557218745381515
Std Score,0.11447013837464926,0.10264624783632437,0.1619806501434197
Mean Time,0.04647219181060791,0.2139437198638916,0.01587390899658203
STUDENT_MULTICLASS,0.7367974196064413,0.7093401147202678,0.7191993955249346
US_CRIME_MULTICLASS,0.5078571428571428,0.5040476190476191,0.3952380952380952
