MLDebiaser,RejectOptionClassification,EqualizedOdds,LPDebiaserBinary,CalibratedEqualizedOdds
-0.010066989613336796,-0.02363002240260681,-0.028601146315207604,-0.032575790637456026,-0.5970149253731343
0.0,0.0,0.0,0.0,0.0
0.41170310974121094,1.9558002948760986,0.06407904624938965,1.7887275218963623,0.05220842361450195
-0.010066989613336796,-0.02363002240260681,-0.028601146315207604,-0.032575790637456026,-0.5970149253731343
