,MLDebiaser,LPDebiaserMulticlass
Mean Score,0.642035302055695,0.4872536659648503
Std Score,0.08394006396045689,0.09582509453627894
Mean Time,3.932490110397339,0.03846299648284912
STUDENT_MULTICLASS,0.7259753660161519,0.5830787605011293
US_CRIME_MULTICLASS,0.5580952380952381,0.3914285714285714
